424694,Bohemian Rhapsody
480530,Creed II
450465,Glass
332562,A Star Is Born
568709,Preman Pensiun
504172,The Mule
446807,The Girl in the Spider's Web
369972,First Man
405774,Bird Box
375262,The Favourite
426426,Roma
505954,T-34
429197,Vice
337167,Fifty Shades Freed
401469,Widows
433249,IO
487558,BlacKkKlansman
484247,A Simple Favor
490132,Green Book
489999,Searching
451915,Beautiful Boy
440626,Sobibor
462391,Aan Devathai
483906,Polar
449459,The Vanishing
340613,The Wife
210577,Gone Girl
452832,Serenity
315635,Spider-Man: Homecoming
281957,The Revenant
399360,Alpha
446021,Bad Times at the El Royale
537996,The Ballad of Buster Scruggs
554733,Orang Kaya Baru
407436,Mowgli: Legend of the Jungle
157336,Interstellar
447332,A Quiet Place
438808,White Boy Rick
8966,Twilight
470044,The Hate U Give
400535,Sicario: Day of the Soldado
398173,The House That Jack Built
458594,Peppermint
263115,Logan
155,The Dark Knight
440161,The Sisters Brothers
272,Batman Begins
520360,King of Thieves
316029,The Greatest Showman
399055,The Shape of Water
244786,Whiplash
16869,Inglourious Basterds
419407,Astral
49026,The Dark Knight Rises
465914,If Beale Street Could Talk
168259,Furious 7
504592,Divine Love
440472,The Upside
194662,Birdman
119450,Dawn of the Planet of the Apes
216015,Fifty Shades of Grey
446101,Assassination Nation
242582,Nightcrawler
196867,Annie
68718,Django Unchained
570910,Thackeray
228150,Fury
491622,Manikarnika
147441,Exodus: Gods and Kings
455207,Crazy Rich Asians
286217,The Martian
454227,Outlaw King
553622,Ai Uta: Yakusoku no Nakuhito
440298,Cold War
527385,After the Wedding
361292,Suspiria
569547,Black Mirror: Bandersnatch
281338,War for the Planet of the Apes
474764,The Lodge
500475,SuperFly
329865,Arrival
457136,Mary Queen of Scots
510355,Share
516259,BEEF: Russian Hip-Hop
512199,Native Son
11324,Shutter Island
466411,Speed Kills
474354,22 July
573501,Matt & Mou
513111,To the Stars
489930,Blindspotting
565373,Koko-di Koko-da
572680,Irupathiyonnaam Noottaandu
565340,Ms. Purple
565386,The Last Tree
61791,Rise of the Planet of the Apes
205596,The Imitation Game
374720,Dunkirk
569891,Lavender
472451,Boy Erased
516716,Milly & Mamet
455980,Tag
18239,The Twilight Saga: New Moon
106646,The Wolf of Wall Street
512263,Honey Boy
564359,"Fuck You! It's Christmas, Bitches!"
458737,First Reformed
503346,Occupation
274479,Joy
150540,Inside Out
401847,Can You Ever Forgive Me?
150689,Cinderella
264660,Ex Machina
454652,Colette
438145,Black '47
451925,Time Freak
489301,Possible Faces
433683,History of the First Kazakh Khans. The Diamond Sword
1422,The Departed
516630,The Standoff at Sparrow Creek
324786,Hacksaw Ridge
429203,The Old Man & the Gun
399404,Darkest Hour
507076,Climax
1124,The Prestige
254128,San Andreas
311291,45 Years
398818,Call Me by Your Name
273248,The Hateful Eight
273481,Sicario
530442,"My Teacher, My Obsession"
6977,No Country for Old Men
460071,Lizzie
443055,Love of My Life
468362,The Angel
395834,Wind River
524348,The Report
169917,A Walk Among the Tombstones
341735,The Seagull
77338,The Intouchables
50620,The Twilight Saga: Breaking Dawn - Part 2
484297,Abe
312221,Creed
390874,Ashes in the Snow
339103,Gotti
553833,The Relative Worlds
572944,Suburban Daydream
429351,12 Strong
359940,"Three Billboards Outside Ebbing, Missouri"
296096,Me Before You
372058,Your Name.
146233,Prisoners
462919,Sierra Burgess Is a Loser
278927,The Jungle Book
261470,Sorry If I Call You Love
154400,The Drop
555795,This Is Not Berlin
395990,Death Wish
564457,Verdi: Macbeth
417261,Forever My Girl
572869,Well Done
340674,Dark Crimes
23168,The Town
483353,The Wolf Hour
522039,The Last Black Man in San Francisco
302946,The Accountant
392044,Murder on the Orient Express
346672,Underworld: Blood Wars
49017,Dracula Untold
112160,Sexual Chronicles of a French Family
17979,A Christmas Carol
470229,Summer of 84
334543,Lion
483184,Dogman
53182,300: Rise of an Empire
58595,Snow White and the Huntsman
120467,The Grand Budapest Hotel
395992,Life
87827,Life of Pi
412862,Ratsasan
565311,Imaginary Order
561,Constantine
449176,"Love, Simon"
391713,Lady Bird
315837,Ghost in the Shell
486947,The Guilty
535308,Hala
49047,Gravity
490447,Savage
652,Troy
399905,Female War: A Nasty Deal
396371,Molly's Game
389015,"I, Tonya"
300671,13 Hours: The Secret Soldiers of Benghazi
487670,The Death of Superman
500919,211
296098,Bridge of Spies
464502,Acrimony
65754,The Girl with the Dragon Tattoo
489931,American Animals
429415,Extinction
443463,Leave No Trace
406990,What Happened to Monday
515818,Yao
290595,The Huntsman: Winter's War
1246,Rocky Balboa
313369,La La Land
339380,On the Basis of Sex
1402,The Pursuit of Happyness
419743,Disobedience
449924,Ip Man 4
429417,Ghost Stories
414919,Hart Beat
395841,Hold the Dark
76203,12 Years a Slave
419831,I Kill Giants
340666,Nocturnal Animals
542044,Day and Night
6479,I Am Legend
400617,Phantom Thread
350,The Devil Wears Prada
565740,Spiral Farm
419478,Midnight Sun
83542,Cloud Atlas
573653,Sheena667
37799,The Social Network
1417,Pan's Labyrinth
388,Inside Man
517331,The Realm
24021,The Twilight Saga: Eclipse
17431,Moon
379149,The Foreigner
64690,Drive
124905,Godzilla
82693,Silver Linings Playbook
274857,King Arthur: Legend of the Sword
476292,Maquia: When the Promised Flower Blooms
472715,The Last Man
433498,Papillon
2567,The Aviator
201088,Blackhat
365942,The Space Between Us
459910,Braven
152601,Her
446354,The Post
346685,The Girl on the Train
489927,The Kindergarten Teacher
336050,Son of Saul
64682,The Great Gatsby
505192,Shoplifters
553882,An Acceptable Loss
565732,A Great Lamp
10184,He's Just Not That Into You
1495,Kingdom of Heaven
502682,Book Club
345934,Air Strike
13223,Gran Torino
381283,mother!
496328,Sanju
222935,The Fault in Our Stars
489925,Eighth Grade
401905,Fahrenheit 451
448776,A Prayer Before Dawn
453201,The 15:17 to Paris
363676,Sully
82695,Les Mis¨¦rables
11036,The Notebook
406997,Wonder
171274,Inherent Vice
7485,Shooter
9693,Children of Men
258216,Nymphomaniac: Vol. I
575806,Domains
470878,I Can Only Imagine
249397,Nymphomaniac: Vol. II
318846,The Big Short
2502,The Bourne Supremacy
493551,Operation Finale
205587,The Judge
8456,Never Back Down
426613,The Miseducation of Cameron Post
4982,American Gangster
4922,The Curious Case of Benjamin Button
7980,The Lovely Bones
414191,Our House
399170,Logan Lucky
334541,Manchester by the Sea
110415,Snowpiercer
3432,Mr. Brooks
38,Eternal Sunshine of the Spotless Mind
44214,Black Swan
27022,The Sorcerer's Apprentice
72190,World War Z
2503,The Bourne Ultimatum
573738,A Political Movie
395991,Only the Brave
7840,"10,000 BC"
22907,Takers
384680,Hostiles
68734,Argo
470894,At First Light
97630,Zero Dark Thirty
446791,All the Money in the World
396461,Under the Silver Lake
400579,Tully
787,Mr. & Mrs. Smith
385360,Billionaire Boys Club
565341,The Sound of Silence
465136,Every Day
68724,Elysium
472734,Dumplin'
492616,Luce
425972,Cargo
339692,Shot Caller
290512,The Mountain Between Us
473019,The Souvenir
335797,Sing
266856,The Theory of Everything
307081,Southpaw
381284,Hidden Figures
152532,Dallas Buyers Club
334533,Captain Fantastic
271969,Ben-Hur
491472,At Eternity's Gate
429200,Good Time
481117,The Brawler
432301,Chappaquiddick
86829,Inside Llewyn Davis
517814,Capernaum
18487,The Taking of Pelham 1 2 3
76726,Chronicle
274870,Passengers
1164,Babel
296524,Deepwater Horizon
565307,Clemency
536413,"Junpei, Think Again"
489929,Destination Wedding
86331,Desire
514586,Photograph
615,The Passion of the Christ
5915,Into the Wild
18240,The Proposal
115290,Blue Lagoon: The Awakening
293768,Kidnap
341174,Fifty Shades Darker
418827,Sister's Younger Husband
385448,The Little Mermaid
290098,The Handmaiden
443009,"Don't Worry, He Won't Get Far on Foot"
9509,Man on Fire
